{"cameraMode":{"drawMode":0,"name":"Shaded","section":"Shading Mode"},"sceneLighting":false,"audioPlay":false,"sceneViewState":{"showFog":true,"showMaterialUpdate":false,"showSkybox":false,"showFlares":true,"showImageEffects":true,"showParticleSystems":true},"in2DMode":false,"pivot":{"x":0.5809029936790466,"y":0.5044742822647095,"z":0.22094598412513734},"rotation":{"x":0.10288835316896439,"y":0.7171956300735474,"z":-0.10838279128074646,"w":0.6807002425193787},"size":0.09758144617080689,"orthographic":false}