{"cameraMode":{"drawMode":0,"name":"Shaded","section":"Shading Mode"},"sceneLighting":false,"audioPlay":false,"sceneViewState":{"showFog":true,"showMaterialUpdate":false,"showSkybox":false,"showFlares":true,"showImageEffects":true,"showParticleSystems":true},"in2DMode":false,"pivot":{"x":-0.034532446414232257,"y":-0.02465769648551941,"z":-0.036117419600486758},"rotation":{"x":-0.1949772983789444,"y":0.49280351400375368,"z":-0.11434430629014969,"w":-0.8402877449989319},"size":0.24352924525737763,"orthographic":false}