{"cameraMode":{"drawMode":0,"name":"Shaded","section":"Shading Mode"},"sceneLighting":true,"audioPlay":false,"sceneViewState":{"showFog":true,"showMaterialUpdate":false,"showSkybox":true,"showFlares":true,"showImageEffects":true,"showParticleSystems":true},"in2DMode":false,"pivot":{"x":2.474874258041382,"y":0.21683812141418458,"z":-2.608060359954834},"rotation":{"x":-0.027651051059365274,"y":0.9722228050231934,"z":-0.15620838105678559,"w":-0.17209704220294953},"size":4.207394599914551,"orthographic":false}